t_ms,seg00,seg01,seg02,seg03,seg04,seg05,seg06,seg07,seg08,seg09,seg10,seg11,seg12,seg13,seg14,seg15,seg16,seg17,seg18,seg19,seg20,seg21,seg22,seg23
0.000,-1.336717,-1.072258,-1.013034,-0.995876,-0.896610,-0.907693,-0.922460,-0.915264,-0.767190,-0.560637,-0.255850,0.001362,0.218900,0.397200,0.600407,0.714363,0.860511,0.940885,0.994164,0.938629,0.973297,1.003218,0.935722,0.780284
34.425,-1.399232,-1.071114,-0.982731,-0.964444,-0.866290,-0.885942,-0.910440,-0.928191,-0.795818,-0.619609,-0.332819,-0.079091,0.142849,0.322987,0.531016,0.661364,0.827800,0.931184,1.006752,0.957654,0.991355,1.027163,0.977223,0.834818
68.850,-0.983064,-0.881852,-0.896639,-0.914966,-0.892302,-0.934695,-0.976578,-0.965450,-0.831577,-0.618655,-0.338143,-0.096690,0.120885,0.316021,0.519471,0.653395,0.828893,0.937224,0.983191,0.949280,1.012380,1.054765,0.974214,0.812613
103.274,-0.820201,-0.715534,-0.736726,-0.782312,-0.819071,-0.888102,-0.965016,-0.991088,-0.904102,-0.742871,-0.519133,-0.306075,-0.084721,0.119090,0.322570,0.495191,0.721030,0.886828,0.959568,0.966150,1.045138,1.109855,1.053213,0.910021
137.699,-0.788940,-0.757629,-0.800762,-0.836890,-0.856605,-0.923125,-0.984873,-0.983250,-0.864851,-0.665056,-0.411684,-0.185367,0.027005,0.227719,0.429104,0.577473,0.773862,0.905440,0.958895,0.940007,1.022192,1.075225,0.997863,0.845781
172.124,-0.841633,-0.814653,-0.853605,-0.877861,-0.874060,-0.933936,-0.983126,-0.969132,-0.832482,-0.615570,-0.343422,-0.107694,0.099708,0.295364,0.495553,0.628024,0.804176,0.913568,0.959624,0.923657,1.002289,1.047225,0.962638,0.808268
206.549,-0.576393,-0.656030,-0.749087,-0.801589,-0.855257,-0.931222,-1.000010,-0.982942,-0.864538,-0.648159,-0.401069,-0.185027,0.019709,0.222915,0.417514,0.562795,0.757575,0.887277,0.925263,0.915201,1.012595,1.069338,0.978799,0.821503
240.973,-0.558767,-0.652816,-0.751070,-0.804429,-0.860491,-0.938470,-1.007503,-0.988250,-0.867340,-0.647126,-0.397982,-0.180582,0.024159,0.228737,0.424074,0.568985,0.763627,0.892375,0.928859,0.916844,1.015925,1.072074,0.978865,0.820111
275.398,-0.481311,-0.573164,-0.671220,-0.733291,-0.810316,-0.900181,-0.983033,-0.979886,-0.879078,-0.683974,-0.463307,-0.262289,-0.062975,0.139765,0.330503,0.486759,0.696621,0.845641,0.894808,0.899712,1.007522,1.073687,0.993711,0.849693
309.823,-0.337076,-0.492464,-0.617274,-0.692148,-0.798492,-0.903069,-0.997352,-0.994713,-0.900098,-0.705685,-0.497722,-0.304636,-0.108179,0.099448,0.289055,0.452473,0.673258,0.833526,0.882424,0.895343,1.016050,1.087744,1.004866,0.862621
344.248,-0.625073,-0.610362,-0.659192,-0.708686,-0.762479,-0.850147,-0.933442,-0.954230,-0.866241,-0.704723,-0.499775,-0.303826,-0.107561,0.085976,0.275261,0.435915,0.649905,0.808483,0.880261,0.887780,0.988150,1.057514,1.000807,0.876909
378.673,-0.652494,-0.600319,-0.637230,-0.686396,-0.737334,-0.819243,-0.903340,-0.930760,-0.853672,-0.705829,-0.511883,-0.324360,-0.130417,0.057483,0.241940,0.403511,0.617828,0.780354,0.855970,0.873622,0.970594,1.043492,0.995910,0.878175
413.097,-0.420534,-0.542218,-0.649794,-0.713729,-0.797355,-0.893688,-0.979013,-0.974314,-0.872794,-0.676759,-0.460848,-0.263851,-0.070738,0.130371,0.318051,0.471968,0.679908,0.827861,0.876765,0.881481,0.995905,1.063346,0.982506,0.843060
447.522,-0.485891,-0.506978,-0.578186,-0.644442,-0.731677,-0.827159,-0.924122,-0.950078,-0.881438,-0.732125,-0.551325,-0.372862,-0.179390,0.015512,0.199032,0.369895,0.597775,0.773785,0.845826,0.875685,0.985638,1.065016,1.012297,0.892232
481.947,-0.418893,-0.528026,-0.630934,-0.693825,-0.775079,-0.869118,-0.954316,-0.951798,-0.855343,-0.666346,-0.458093,-0.267974,-0.080342,0.114994,0.297347,0.448361,0.652487,0.799449,0.849791,0.859525,0.974058,1.043542,0.967914,0.834815
516.372,-0.468215,-0.517648,-0.590330,-0.649454,-0.728056,-0.831473,-0.925158,-0.946800,-0.865232,-0.708060,-0.521122,-0.338277,-0.153228,0.038802,0.221537,0.383463,0.601301,0.766422,0.839486,0.854715,0.970607,1.046196,0.990113,0.876183
550.796,-0.197337,-0.401898,-0.541114,-0.621375,-0.745711,-0.866848,-0.970774,-0.972713,-0.885489,-0.701887,-0.516285,-0.339003,-0.158801,0.042641,0.222966,0.384875,0.606034,0.771248,0.825993,0.845484,0.982172,1.060549,0.983432,0.858746
585.221,-0.230347,-0.435479,-0.580104,-0.656819,-0.767981,-0.872672,-0.965147,-0.951355,-0.855585,-0.654825,-0.454359,-0.273954,-0.094177,0.102937,0.279277,0.428266,0.632026,0.778804,0.818152,0.835205,0.964300,1.037582,0.952099,0.817149
619.646,-0.268245,-0.359793,-0.461856,-0.541919,-0.660696,-0.768140,-0.877170,-0.902795,-0.851107,-0.713549,-0.565927,-0.416101,-0.244047,-0.059638,0.105969,0.272913,0.498202,0.679190,0.749074,0.800490,0.929055,1.019633,0.972612,0.870023
654.071,-0.454748,-0.441997,-0.491608,-0.553813,-0.639839,-0.745707,-0.850738,-0.896628,-0.846089,-0.731876,-0.585616,-0.429266,-0.255962,-0.076797,0.093467,0.263042,0.490203,0.674999,0.766625,0.807767,0.926617,1.015187,0.985680,0.897781
688.496,-0.344946,-0.420733,-0.511010,-0.579519,-0.675267,-0.776590,-0.875303,-0.894683,-0.829268,-0.681793,-0.518821,-0.359688,-0.189461,-0.008675,0.157785,0.314030,0.525308,0.690681,0.758046,0.794905,0.918235,1.002094,0.951832,0.848149
722.920,-0.437883,-0.411870,-0.459671,-0.525277,-0.616852,-0.721005,-0.829397,-0.880070,-0.840185,-0.736680,-0.602523,-0.455432,-0.284755,-0.109083,0.056577,0.228386,0.458127,0.648577,0.742332,0.794446,0.913626,1.006526,0.983334,0.900323
757.345,-0.600076,-0.509143,-0.531564,-0.584623,-0.645582,-0.731736,-0.826814,-0.874073,-0.825435,-0.715946,-0.562731,-0.403563,-0.225625,-0.052182,0.117166,0.282367,0.501503,0.679412,0.770255,0.812843,0.916219,1.001905,0.978197,0.887376
791.770,-0.437445,-0.445880,-0.507350,-0.568471,-0.648857,-0.744860,-0.842163,-0.873627,-0.816257,-0.687243,-0.532459,-0.377015,-0.208348,-0.034087,0.130308,0.287532,0.498862,0.667717,0.745774,0.785908,0.902866,0.988359,0.951317,0.857744
826.195,-0.778208,-0.547919,-0.507931,-0.543071,-0.568727,-0.645109,-0.736743,-0.809884,-0.778810,-0.711732,-0.581221,-0.434927,-0.267963,-0.113919,0.046074,0.208325,0.421627,0.603133,0.717946,0.767630,0.860413,0.950441,0.957779,0.895803
860.619,-0.875749,-0.560639,-0.487752,-0.516979,-0.528605,-0.596473,-0.688021,-0.776732,-0.761098,-0.720123,-0.604979,-0.467994,-0.303376,-0.158424,-0.003333,0.161361,0.376119,0.564570,0.691484,0.751965,0.836834,0.931084,0.956387,0.907124
895.044,-1.085891,-0.652130,-0.529031,-0.542595,-0.519786,-0.573573,-0.657229,-0.760589,-0.749024,-0.727187,-0.609698,-0.467419,-0.297568,-0.158723,-0.000869,0.164634,0.377769,0.566599,0.706900,0.764093,0.832422,0.924291,0.964832,0.922059
929.469,-1.097840,-0.636860,-0.502440,-0.514981,-0.490664,-0.544451,-0.630572,-0.742229,-0.739659,-0.732188,-0.626778,-0.492172,-0.326483,-0.192669,-0.038792,0.128137,0.342836,0.536647,0.683798,0.747711,0.816019,0.911433,0.961327,0.927848
963.894,-1.450602,-0.737589,-0.499056,-0.486495,-0.407370,-0.437860,-0.518300,-0.672862,-0.700586,-0.758278,-0.679534,-0.556346,-0.391343,-0.278693,-0.130294,0.042631,0.260054,0.468103,0.651740,0.729679,0.771504,0.872513,0.968815,0.966512
998.319,-1.136324,-0.627130,-0.465991,-0.466972,-0.422718,-0.474465,-0.557619,-0.678917,-0.683572,-0.697772,-0.610314,-0.490020,-0.343101,-0.227655,-0.087052,0.068398,0.268470,0.455335,0.613377,0.680113,0.749262,0.847676,0.914892,0.906039
1032.743,-1.183791,-0.645411,-0.480239,-0.485638,-0.445135,-0.489678,-0.574044,-0.698407,-0.709454,-0.725915,-0.635771,-0.512099,-0.352638,-0.230756,-0.084547,0.080427,0.291211,0.487225,0.644422,0.718198,0.779671,0.878846,0.946043,0.927001
1067.168,-1.134733,-0.644464,-0.492447,-0.495658,-0.454807,-0.506605,-0.588758,-0.704427,-0.702483,-0.704928,-0.606265,-0.477649,-0.323438,-0.200958,-0.054480,0.103280,0.306287,0.492402,0.645320,0.707078,0.775093,0.870638,0.929566,0.910204
1101.593,-1.120259,-0.567953,-0.405209,-0.416530,-0.384388,-0.420978,-0.508614,-0.635870,-0.667575,-0.702032,-0.638228,-0.539442,-0.393609,-0.285850,-0.156580,0.003413,0.207556,0.405211,0.560473,0.658686,0.722134,0.830065,0.909167,0.902887
1136.018,-1.081811,-0.643398,-0.519263,-0.527831,-0.492911,-0.536442,-0.612714,-0.708332,-0.696456,-0.673230,-0.558864,-0.425971,-0.269045,-0.143407,0.002233,0.152210,0.345410,0.518296,0.651466,0.711851,0.778936,0.870439,0.913177,0.877046
1170.442,-1.131410,-0.635203,-0.478070,-0.480034,-0.438816,-0.494396,-0.578564,-0.699044,-0.699624,-0.708956,-0.616277,-0.490513,-0.339594,-0.219165,-0.073971,0.084482,0.288654,0.477351,0.635430,0.697614,0.767819,0.864851,0.928200,0.915303
1204.867,-0.833021,-0.485418,-0.396180,-0.423800,-0.436062,-0.508182,-0.606362,-0.710883,-0.716124,-0.708158,-0.628462,-0.517376,-0.373555,-0.246389,-0.107972,0.052989,0.263539,0.458144,0.598968,0.676580,0.768559,0.872737,0.920117,0.900202
1239.292,-0.740169,-0.405458,-0.321242,-0.355289,-0.383768,-0.464985,-0.572807,-0.686258,-0.706517,-0.716546,-0.661884,-0.568227,-0.435380,-0.314254,-0.184566,-0.020690,0.194641,0.399471,0.547346,0.639055,0.740648,0.853055,0.910523,0.905772
1273.717,-0.741219,-0.380877,-0.283422,-0.314859,-0.340446,-0.424154,-0.534892,-0.658159,-0.687840,-0.715485,-0.676902,-0.593776,-0.469798,-0.356751,-0.233540,-0.070440,0.144026,0.352718,0.509785,0.607707,0.711667,0.828333,0.897667,0.907763
1308.142,-0.998614,-0.438454,-0.267546,-0.283100,-0.267220,-0.319461,-0.422254,-0.571336,-0.631071,-0.707375,-0.693109,-0.628136,-0.507897,-0.417622,-0.307181,-0.145838,0.061747,0.275113,0.449891,0.571122,0.650553,0.773328,0.878318,0.909342
1342.566,-0.762560,-0.367652,-0.255326,-0.285811,-0.310606,-0.396085,-0.510856,-0.645873,-0.686100,-0.731530,-0.706479,-0.630368,-0.508895,-0.399542,-0.278616,-0.111012,0.108875,0.326319,0.493404,0.598189,0.702000,0.822776,0.903225,0.923482
1376.991,-0.508075,-0.269525,-0.217583,-0.262695,-0.323441,-0.430021,-0.552206,-0.667275,-0.694727,-0.712088,-0.684880,-0.611215,-0.499330,-0.383282,-0.264979,-0.102642,0.114377,0.325595,0.477241,0.576961,0.703239,0.824321,0.884088,0.898781
1411.416,-0.339270,-0.155202,-0.131253,-0.192139,-0.285610,-0.401291,-0.535765,-0.651861,-0.695411,-0.721128,-0.718094,-0.663914,-0.560503,-0.446199,-0.337063,-0.170135,0.054208,0.276885,0.426149,0.546110,0.685078,0.815625,0.877651,0.898739
1445.841,-0.304010,-0.164314,-0.164672,-0.232714,-0.336690,-0.448923,-0.581393,-0.683442,-0.718224,-0.721368,-0.701514,-0.637855,-0.524146,-0.399830,-0.284597,-0.116324,0.109716,0.328746,0.463682,0.580802,0.718353,0.845170,0.891419,0.892901
1480.265,0.034490,0.031983,-0.017192,-0.096782,-0.236296,-0.375600,-0.521078,-0.615716,-0.657332,-0.664833,-0.682817,-0.653439,-0.579880,-0.472977,-0.383577,-0.231958,-0.021974,0.190124,0.321809,0.450788,0.622480,0.760110,0.808466,0.840594
1514.690,0.112524,0.064634,-0.015387,-0.107731,-0.266214,-0.397638,-0.543412,-0.623634,-0.666851,-0.657702,-0.670250,-0.642790,-0.562999,-0.450623,-0.362251,-0.210005,0.000571,0.211144,0.325100,0.464692,0.635762,0.774030,0.809979,0.824836
1549.115,-0.018301,0.060466,0.018140,-0.070888,-0.211777,-0.315194,-0.456899,-0.550406,-0.622177,-0.645691,-0.680708,-0.673828,-0.596765,-0.501357,-0.426706,-0.275676,-0.070180,0.144778,0.263129,0.431501,0.585219,0.730797,0.789956,0.814976
1583.540,0.032040,0.086129,0.055994,-0.019732,-0.148625,-0.274915,-0.418667,-0.520791,-0.583893,-0.619140,-0.667280,-0.666242,-0.613912,-0.530900,-0.463751,-0.324520,-0.131156,0.075889,0.211266,0.362579,0.532625,0.678440,0.747605,0.803444
1617.965,-0.185315,-0.027053,-0.009121,-0.072322,-0.176667,-0.301839,-0.443997,-0.566721,-0.628401,-0.679172,-0.716287,-0.695805,-0.624602,-0.532564,-0.447900,-0.293230,-0.082373,0.138605,0.294430,0.432825,0.588506,0.730203,0.809392,0.863680
1652.389,-0.169349,-0.022806,-0.017218,-0.087224,-0.200846,-0.320713,-0.463256,-0.580418,-0.643689,-0.686740,-0.719049,-0.696860,-0.617991,-0.520553,-0.433504,-0.275110,-0.060041,0.163206,0.311006,0.454984,0.607822,0.749552,0.822506,0.865048
1686.814,-0.044514,0.090783,0.083664,0.008194,-0.112903,-0.221815,-0.364585,-0.476531,-0.560338,-0.618296,-0.682943,-0.696161,-0.644490,-0.571387,-0.512710,-0.371995,-0.179034,0.033804,0.172539,0.344749,0.503956,0.655483,0.740113,0.802107
1721.239,0.057861,0.112078,0.076308,-0.003670,-0.138039,-0.258925,-0.403309,-0.503529,-0.573649,-0.611206,-0.665680,-0.672237,-0.621807,-0.541842,-0.479761,-0.341594,-0.149914,0.057475,0.188478,0.349847,0.519185,0.667680,0.738129,0.793512
1755.664,-0.215178,0.023871,0.077375,0.023705,-0.062846,-0.181045,-0.323356,-0.463672,-0.549223,-0.640833,-0.716043,-0.726090,-0.681181,-0.616942,-0.555357,-0.412307,-0.216819,0.002539,0.173479,0.331330,0.487324,0.638532,0.747522,0.837797
1790.088,-0.071055,0.078824,0.095301,0.032966,-0.072627,-0.197902,-0.342115,-0.467161,-0.545327,-0.617745,-0.690012,-0.702613,-0.663635,-0.597211,-0.539192,-0.402151,-0.212422,-0.000481,0.157196,0.314153,0.481086,0.632022,0.727686,0.812345
1824.513,-0.119519,0.047730,0.044800,-0.036349,-0.162943,-0.265389,-0.409975,-0.525564,-0.612725,-0.668480,-0.722263,-0.723578,-0.649856,-0.562615,-0.490660,-0.333964,-0.122431,0.104178,0.242368,0.417812,0.566558,0.716971,0.797643,0.841208
1858.938,-0.037729,0.117739,0.136498,0.072867,-0.036462,-0.163497,-0.311112,-0.441320,-0.528674,-0.613202,-0.700365,-0.724369,-0.693578,-0.633750,-0.582840,-0.446909,-0.258289,-0.043338,0.118334,0.283923,0.454441,0.609870,0.713328,0.808566
1893.363,-0.088176,0.103216,0.136954,0.076920,-0.024666,-0.148647,-0.295569,-0.432091,-0.523728,-0.617665,-0.708645,-0.734147,-0.703369,-0.646422,-0.596130,-0.459155,-0.269892,-0.052695,0.114410,0.281847,0.448670,0.604900,0.715018,0.814772
1927.788,-0.035417,0.146983,0.171129,0.109744,0.009468,-0.102772,-0.245120,-0.372114,-0.469914,-0.563486,-0.664155,-0.705847,-0.689025,-0.645858,-0.611322,-0.488712,-0.317846,-0.113757,0.042228,0.222273,0.389590,0.548490,0.660502,0.765642
1962.212,-0.001922,0.157740,0.182139,0.123491,0.021683,-0.104685,-0.250667,-0.382061,-0.474826,-0.570699,-0.674185,-0.714166,-0.702785,-0.658995,-0.622799,-0.499790,-0.326950,-0.121153,0.042821,0.213787,0.389371,0.548141,0.661365,0.775370
1996.637,-0.102441,0.142603,0.190913,0.136558,0.052857,-0.048175,-0.186572,-0.320671,-0.429161,-0.540704,-0.654063,-0.707355,-0.699288,-0.669692,-0.645150,-0.529128,-0.367885,-0.167368,-0.006318,0.182849,0.344046,0.505743,0.631813,0.749854
2031.062,0.095933,0.233201,0.242225,0.178795,0.070297,-0.048086,-0.193125,-0.316491,-0.419798,-0.519152,-0.640044,-0.701878,-0.707897,-0.679025,-0.661333,-0.551631,-0.395328,-0.199342,-0.045558,0.142783,0.322993,0.487155,0.604003,0.727142
2065.487,0.209230,0.286989,0.271469,0.202171,0.080349,-0.042914,-0.189886,-0.304001,-0.405514,-0.496137,-0.621032,-0.689859,-0.704552,-0.678016,-0.666686,-0.563143,-0.413236,-0.222829,-0.077189,0.113871,0.303080,0.468710,0.579580,0.703784
2099.912,0.384121,0.364117,0.313324,0.232836,0.081427,-0.063496,-0.221054,-0.330699,-0.428402,-0.509806,-0.640339,-0.711676,-0.731377,-0.697791,-0.685480,-0.578085,-0.420415,-0.224074,-0.080305,0.108648,0.315612,0.483922,0.585746,0.710976
2134.336,0.134124,0.257147,0.272238,0.216410,0.115331,-0.014133,-0.159620,-0.286719,-0.386667,-0.493673,-0.624755,-0.693503,-0.716832,-0.698116,-0.688016,-0.587844,-0.442028,-0.252860,-0.090826,0.090336,0.280125,0.445131,0.568754,0.711451
2168.761,-0.084747,0.175422,0.241816,0.202766,0.143726,0.043134,-0.088452,-0.223956,-0.333436,-0.460607,-0.593717,-0.667379,-0.692617,-0.690634,-0.688559,-0.598032,-0.468074,-0.288917,-0.121897,0.066032,0.234373,0.398093,0.539750,0.690603
2203.186,-0.210894,0.144072,0.244733,0.217477,0.188551,0.111301,-0.009649,-0.149384,-0.269802,-0.414833,-0.557295,-0.643512,-0.678445,-0.695681,-0.707223,-0.629664,-0.518594,-0.350986,-0.182644,0.016059,0.170960,0.335877,0.493528,0.656303
2237.611,0.153418,0.284408,0.301974,0.257568,0.183091,0.074830,-0.054877,-0.165623,-0.265553,-0.371355,-0.512056,-0.603583,-0.658156,-0.670280,-0.688754,-0.623953,-0.523310,-0.369702,-0.222345,-0.033800,0.154796,0.319620,0.449440,0.609832
2272.035,-0.106000,0.180705,0.265546,0.243384,0.216580,0.127061,0.008332,-0.121733,-0.228986,-0.363829,-0.507616,-0.598388,-0.653578,-0.679812,-0.700383,-0.639585,-0.547240,-0.396797,-0.231355,-0.044972,0.123992,0.286970,0.440238,0.616110
2306.460,-0.410643,0.049705,0.205707,0.207816,0.236457,0.174860,0.072056,-0.073412,-0.186226,-0.345677,-0.485611,-0.572754,-0.625182,-0.666128,-0.688523,-0.634382,-0.554652,-0.412370,-0.233553,-0.049408,0.093622,0.252597,0.427442,0.613038
2340.885,-0.307668,0.079159,0.204947,0.198922,0.209554,0.139439,0.033631,-0.100910,-0.205396,-0.346740,-0.479098,-0.561898,-0.612385,-0.645336,-0.664459,-0.609569,-0.527420,-0.386525,-0.216922,-0.036997,0.114073,0.271684,0.433076,0.609039
2375.310,-0.754009,-0.084920,0.123915,0.124227,0.174959,0.164397,0.070447,-0.089095,-0.229980,-0.409468,-0.538438,-0.616818,-0.626681,-0.658812,-0.668487,-0.590956,-0.489382,-0.326453,-0.149876,0.063712,0.161581,0.321175,0.508193,0.662162
2409.735,-0.286747,0.094583,0.221308,0.222619,0.247425,0.183659,0.085420,-0.041224,-0.142807,-0.282994,-0.420138,-0.513588,-0.582402,-0.631266,-0.664663,-0.628861,-0.570552,-0.448781,-0.284668,-0.105031,0.048237,0.205241,0.369585,0.557447
2444.159,-0.241797,0.116548,0.222826,0.209491,0.209686,0.146364,0.041180,-0.083441,-0.191544,-0.325410,-0.459987,-0.550321,-0.603332,-0.638518,-0.664025,-0.613525,-0.536967,-0.400619,-0.243124,-0.052988,0.098954,0.258317,0.414643,0.584935
2478.584,-0.368536,0.068259,0.215215,0.219029,0.251223,0.193075,0.094674,-0.041646,-0.150857,-0.303671,-0.444153,-0.537270,-0.600270,-0.649164,-0.680124,-0.638156,-0.573369,-0.444079,-0.272865,-0.088730,0.057130,0.215386,0.387812,0.576906
2513.009,-0.000203,0.207728,0.265167,0.249802,0.235577,0.152673,0.047944,-0.053518,-0.141885,-0.249390,-0.384419,-0.483112,-0.564154,-0.607974,-0.647148,-0.620225,-0.569178,-0.457637,-0.314326,-0.137464,0.039557,0.197036,0.337935,0.518754
2547.434,-0.272588,0.191020,0.263831,0.212408,0.186033,0.216204,0.122990,0.028426,-0.139266,-0.271249,-0.420803,-0.553272,-0.582604,-0.629771,-0.683575,-0.634020,-0.567505,-0.431847,-0.334978,-0.050489,0.057400,0.230734,0.384730,0.503803
2581.858,0.027624,0.228121,0.279802,0.262815,0.246918,0.167907,0.064239,-0.033365,-0.124388,-0.231228,-0.370088,-0.474965,-0.560715,-0.608933,-0.653744,-0.631447,-0.586271,-0.478796,-0.340127,-0.157884,0.019787,0.178519,0.319508,0.501556
2616.283,0.135518,0.280262,0.305982,0.278405,0.240688,0.154792,0.045082,-0.047148,-0.139750,-0.239407,-0.381593,-0.489931,-0.575445,-0.618641,-0.663729,-0.637949,-0.587222,-0.475243,-0.342696,-0.155078,0.030274,0.191502,0.325561,0.502690
2650.708,-0.093978,0.190551,0.275358,0.261173,0.252040,0.174620,0.066578,-0.051554,-0.155251,-0.285664,-0.431826,-0.534055,-0.608270,-0.652613,-0.689680,-0.651768,-0.588473,-0.462061,-0.306550,-0.119136,0.049534,0.211090,0.365993,0.551539
2685.133,-0.331751,0.095463,0.242937,0.259862,0.318448,0.274299,0.190740,0.070584,-0.033382,-0.182586,-0.330879,-0.443821,-0.540136,-0.618606,-0.676384,-0.670377,-0.650699,-0.557859,-0.398761,-0.214114,-0.065271,0.091674,0.268717,0.478096
2719.558,-0.245920,0.132805,0.256056,0.258325,0.286817,0.230750,0.135990,0.014701,-0.092416,-0.236152,-0.384328,-0.492708,-0.576166,-0.638671,-0.686390,-0.663543,-0.621622,-0.510869,-0.352759,-0.163704,-0.008789,0.150865,0.319629,0.516772
2753.982,-0.276972,0.108278,0.240898,0.249744,0.288117,0.228074,0.135359,0.011939,-0.088732,-0.232607,-0.376894,-0.480474,-0.566124,-0.629603,-0.675412,-0.655056,-0.615983,-0.508669,-0.345608,-0.166238,-0.010632,0.146561,0.316479,0.518139
2788.407,-0.308815,0.082626,0.216501,0.231288,0.284845,0.236756,0.153766,0.040837,-0.053142,-0.187343,-0.323025,-0.426393,-0.517002,-0.587705,-0.639162,-0.631928,-0.610135,-0.519501,-0.365771,-0.189588,-0.038951,0.114460,0.281067,0.480519
2822.832,-0.291183,0.109995,0.239817,0.252139,0.306174,0.270991,0.191228,0.083798,-0.018694,-0.155173,-0.298621,-0.414356,-0.511444,-0.591336,-0.653642,-0.654107,-0.642868,-0.558774,-0.413603,-0.223731,-0.076244,0.079901,0.249188,0.449779
2857.257,-0.285621,0.086845,0.211534,0.231267,0.297764,0.262378,0.190362,0.094142,0.007233,-0.113844,-0.244851,-0.354987,-0.459397,-0.543177,-0.607614,-0.621446,-0.626402,-0.559950,-0.421068,-0.245416,-0.095693,0.054781,0.216713,0.417579
2891.681,-0.267069,0.113528,0.235649,0.250892,0.311391,0.280978,0.207187,0.110118,0.013908,-0.112997,-0.252523,-0.370880,-0.476356,-0.562898,-0.631918,-0.644729,-0.648844,-0.579182,-0.442469,-0.255325,-0.106718,0.047238,0.212439,0.413896
2926.106,-0.283589,0.078923,0.204301,0.238061,0.333384,0.312188,0.256787,0.178864,0.104148,-0.004994,-0.131748,-0.251198,-0.380442,-0.486902,-0.570637,-0.617134,-0.663302,-0.633126,-0.507693,-0.338946,-0.189407,-0.043764,0.117069,0.329389
2960.531,-0.688500,-0.078336,0.147224,0.195854,0.325043,0.313406,0.252929,0.122312,0.022487,-0.143398,-0.276350,-0.378693,-0.472619,-0.567594,-0.626143,-0.633811,-0.635990,-0.561974,-0.392011,-0.219542,-0.100514,0.047644,0.243213,0.460258
2994.956,-0.458825,0.009717,0.173067,0.211446,0.321411,0.311790,0.256993,0.162064,0.076094,-0.052263,-0.178562,-0.291616,-0.404292,-0.506595,-0.581378,-0.613808,-0.644944,-0.599897,-0.462287,-0.288161,-0.154969,-0.008768,0.164023,0.372792
3029.381,-0.468586,-0.018447,0.142120,0.185651,0.304327,0.293915,0.244407,0.156863,0.083498,-0.032321,-0.146307,-0.251582,-0.365624,-0.467537,-0.540494,-0.579760,-0.619143,-0.584730,-0.450969,-0.289077,-0.155399,-0.014104,0.152041,0.357983
3063.805,-0.278041,0.100665,0.216169,0.230079,0.292673,0.272309,0.203351,0.115040,0.021068,-0.096011,-0.227638,-0.344397,-0.446745,-0.533198,-0.603192,-0.619900,-0.629706,-0.566793,-0.439992,-0.250760,-0.107107,0.044862,0.204387,0.396602
3098.230,-0.232264,0.097335,0.197465,0.221757,0.305338,0.295519,0.242777,0.179987,0.105050,0.012559,-0.106913,-0.227866,-0.352186,-0.455777,-0.541769,-0.590896,-0.640937,-0.616295,-0.508932,-0.331110,-0.184515,-0.039333,0.110118,0.306160
3132.655,-0.074980,0.166854,0.230719,0.240104,0.289733,0.262008,0.197649,0.138766,0.064465,-0.018184,-0.140878,-0.261951,-0.383353,-0.475134,-0.556467,-0.595864,-0.631384,-0.595392,-0.491630,-0.311777,-0.151357,-0.003135,0.135769,0.325404
3167.080,-0.279548,0.077313,0.188967,0.222548,0.327249,0.330413,0.287710,0.230783,0.158168,0.065893,-0.052723,-0.179241,-0.314390,-0.431427,-0.527643,-0.592597,-0.663484,-0.656158,-0.553641,-0.376310,-0.234796,-0.091709,0.061469,0.264003
3201.504,0.051315,0.221523,0.256104,0.250597,0.265962,0.218272,0.140199,0.079618,0.004549,-0.072306,-0.197402,-0.314598,-0.427228,-0.502921,-0.574505,-0.597571,-0.610495,-0.556216,-0.451049,-0.270246,-0.097855,0.053495,0.183580,0.365375
3235.929,0.273294,0.334925,0.315016,0.293131,0.278986,0.233744,0.153996,0.117066,0.039518,-0.017476,-0.150502,-0.285864,-0.412392,-0.493817,-0.581276,-0.617359,-0.645083,-0.603235,-0.523120,-0.326074,-0.141483,0.013936,0.130475,0.306640
3270.354,0.395422,0.380147,0.338795,0.312883,0.281464,0.213562,0.125980,0.090110,0.020949,-0.029192,-0.164222,-0.297504,-0.429862,-0.505710,-0.590258,-0.624337,-0.646771,-0.601724,-0.518069,-0.331116,-0.130584,0.025209,0.135444,0.316699
3304.779,0.413504,0.392821,0.339513,0.302671,0.254019,0.188864,0.096308,0.060642,-0.015611,-0.063346,-0.197333,-0.328915,-0.448232,-0.514193,-0.592927,-0.615080,-0.623051,-0.565913,-0.486777,-0.289834,-0.092267,0.065708,0.171457,0.339219
3339.204,0.198323,0.282934,0.282927,0.264607,0.250305,0.186295,0.098685,0.043585,-0.028709,-0.094062,-0.220336,-0.336991,-0.448041,-0.513476,-0.581227,-0.597391,-0.599447,-0.537409,-0.436780,-0.255936,-0.070494,0.082861,0.202035,0.377808
3373.628,0.556875,0.453633,0.361893,0.314338,0.245164,0.177928,0.083948,0.064783,-0.007863,-0.037129,-0.169857,-0.306912,-0.431343,-0.496185,-0.580413,-0.608683,-0.623020,-0.573148,-0.510227,-0.308602,-0.102337,0.056374,0.149217,0.309270
3408.053,0.574518,0.455516,0.362164,0.323497,0.271092,0.209676,0.125318,0.117641,0.053783,0.032308,-0.098693,-0.241967,-0.383937,-0.463235,-0.559928,-0.609310,-0.649881,-0.623082,-0.567802,-0.372016,-0.163483,-0.007703,0.084205,0.253356
3442.478,0.490363,0.416333,0.344911,0.310069,0.263432,0.197479,0.110053,0.088625,0.022634,-0.010501,-0.140882,-0.276238,-0.408969,-0.482272,-0.569576,-0.607536,-0.634252,-0.595067,-0.526379,-0.335231,-0.130792,0.024772,0.123207,0.293929
3476.903,0.630505,0.476618,0.376081,0.341864,0.294032,0.227623,0.146059,0.144727,0.088245,0.071890,-0.060880,-0.208698,-0.365030,-0.452444,-0.556776,-0.618822,-0.674088,-0.660139,-0.607174,-0.417951,-0.201810,-0.047177,0.043379,0.222080
3511.327,-0.900868,-0.244422,-0.001747,0.093240,0.333507,0.398600,0.404832,0.341952,0.288384,0.181126,0.099740,-0.005978,-0.144231,-0.295874,-0.398049,-0.501112,-0.627946,-0.671690,-0.559209,-0.411920,-0.322617,-0.199576,-0.020427,0.194520
3545.752,0.375362,0.319010,0.260355,0.251705,0.262470,0.226315,0.170699,0.179391,0.142014,0.138197,0.036727,-0.094192,-0.248066,-0.346285,-0.450438,-0.533451,-0.618502,-0.635889,-0.589739,-0.420273,-0.227833,-0.086399,0.003536,0.175641
3580.177,-0.213288,0.114123,0.218584,0.257282,0.369641,0.373689,0.336112,0.288077,0.219143,0.129531,0.003676,-0.135130,-0.291350,-0.423748,-0.535017,-0.619144,-0.713207,-0.724333,-0.627480,-0.450883,-0.302350,-0.159042,-0.004441,0.211745
3614.602,0.015409,0.200299,0.247919,0.266289,0.331216,0.307886,0.255427,0.217371,0.156524,0.089547,-0.033048,-0.166390,-0.316965,-0.429751,-0.531600,-0.603378,-0.678337,-0.677055,-0.588001,-0.415213,-0.246117,-0.101131,0.033050,0.236123
3649.027,-0.174001,0.119914,0.211180,0.250051,0.362855,0.368269,0.334490,0.296999,0.235547,0.158453,0.038801,-0.099566,-0.260368,-0.394759,-0.509187,-0.601699,-0.705844,-0.727785,-0.639573,-0.466888,-0.315907,-0.174953,-0.027396,0.185920
3683.451,-0.090378,0.130819,0.190684,0.226490,0.334625,0.342976,0.315441,0.299964,0.253096,0.204069,0.099552,-0.035387,-0.200063,-0.333950,-0.451515,-0.556707,-0.675971,-0.716030,-0.647013,-0.480850,-0.325857,-0.189650,-0.059148,0.142597
3717.876,-0.126741,0.120406,0.189072,0.223165,0.328592,0.336110,0.304997,0.281377,0.228887,0.171916,0.065214,-0.067386,-0.224314,-0.353352,-0.465639,-0.561255,-0.668976,-0.698141,-0.623014,-0.453823,-0.301910,-0.164222,-0.030008,0.169960
3752.301,-0.417630,-0.032615,0.097675,0.163764,0.339210,0.378662,0.374159,0.351766,0.311132,0.249872,0.161712,0.036992,-0.126896,-0.277099,-0.396328,-0.517034,-0.660075,-0.721236,-0.644291,-0.491024,-0.363530,-0.236378,-0.090290,0.118089
3786.726,-0.856712,-0.227825,-0.000170,0.091236,0.326558,0.395546,0.403717,0.350159,0.298552,0.201011,0.122501,0.014589,-0.125485,-0.278001,-0.383539,-0.491489,-0.624353,-0.674407,-0.571524,-0.421561,-0.331263,-0.208696,-0.035617,0.174120
3821.150,-0.654927,-0.204630,-0.044987,0.045589,0.277338,0.345450,0.368980,0.365042,0.353549,0.320034,0.275758,0.176329,0.018974,-0.136365,-0.250879,-0.393784,-0.567753,-0.665126,-0.601563,-0.476022,-0.371265,-0.261053,-0.125593,0.066959
3855.575,-0.454198,-0.095435,0.021740,0.091404,0.278629,0.329574,0.337419,0.335607,0.315145,0.285013,0.226702,0.118111,-0.038373,-0.183711,-0.297911,-0.428693,-0.585095,-0.665720,-0.606639,-0.467666,-0.347199,-0.229645,-0.101624,0.086596
3890.000,-0.444188,-0.102610,0.004800,0.067137,0.240079,0.285274,0.287761,0.284704,0.265558,0.241560,0.190681,0.091844,-0.050393,-0.181885,-0.284723,-0.402297,-0.541888,-0.610487,-0.551345,-0.413950,-0.293527,-0.176507,-0.055438,0.120131
